formula,Nb,Mo,Ta,W,C11,C12,C44,a,b,c,G,B,E,v,Pugh,Zener
Nb4Mo36Ta27W33,4,36,27,33,474.52,188.605,116.017,64.295,64.295,64.294,126.134,283.91,329.593,0.307,2.251,0.812
Nb65Mo9Ta10W16,65,9,10,16,301.18,139.107,33.305,65.638,65.636,65.642,47.984,193.131,132.942,0.385,4.025,0.411
Nb15Mo25Ta53W7,15,25,53,7,349.051,154.413,69.729,65.378,65.369,65.367,79.706,219.292,213.278,0.338,2.751,0.716
Nb3Mo51Ta23W23,3,51,23,23,480.156,189.951,118.164,64.143,64.14,64.142,128.291,286.686,334.916,0.305,2.235,0.814
Nb12Mo12Ta19W57,12,12,19,57,469.626,187.812,113.015,64.368,64.371,64.372,123.452,281.75,323.158,0.309,2.282,0.802
Nb7Mo48Ta15W30,7,48,15,30,483.298,191.272,118.302,64.062,64.062,64.062,128.704,288.614,336.144,0.306,2.242,0.81
Nb3Mo69Ta14W14,3,69,14,14,472.807,185.82,114.372,63.884,63.885,63.886,125.249,281.483,327.214,0.306,2.247,0.797
Nb1Mo24Ta2W73,1,24,2,73,546.025,212.601,150.002,63.662,63.662,63.662,156.476,323.743,404.293,0.292,2.069,0.9
Nb11Mo7Ta59W23,11,7,59,23,348.442,161.607,76.586,65.429,65.43,65.429,82.926,223.886,221.438,0.335,2.7,0.82
Nb10Mo5Ta74W11,10,5,74,11,302.249,156.231,67.143,65.894,65.9,65.891,69.431,204.904,187.154,0.348,2.951,0.92
Nb1Mo20Ta18W61,1,20,18,61,518.64,203.615,136.132,64.024,64.024,64.024,144.316,308.623,374.564,0.298,2.139,0.864
Nb11Mo2Ta30W57,11,2,30,57,441.113,180.552,104.714,64.646,64.646,64.646,114.287,267.406,300.107,0.313,2.34,0.804
Nb8Mo28Ta17W47,8,28,17,47,488.033,193.428,120.701,64.177,64.179,64.178,130.721,291.63,341.184,0.305,2.231,0.819
Nb4Mo36Ta6W54,4,36,6,54,518.475,202.931,135.869,63.802,63.803,63.802,144.244,308.112,374.319,0.298,2.136,0.861
Nb1Mo40Ta12W47,1,40,12,47,516.354,201.931,135.377,63.852,63.854,63.851,143.725,306.738,372.929,0.297,2.134,0.861
Nb15Mo10Ta3W72,15,10,3,72,502.118,198.917,125.758,64.076,64.079,64.078,135.528,299.984,353.368,0.304,2.213,0.83
Nb11Mo46Ta36W7,11,46,36,7,418.12,170.788,91.196,64.708,64.707,64.705,103.041,253.232,272.203,0.321,2.458,0.737
Nb39Mo5Ta3W53,39,5,3,53,421.864,175.916,85.565,64.731,64.728,64.729,98.974,257.899,263.246,0.33,2.606,0.696
Nb29Mo32Ta32W7,29,32,32,7,365.116,156.312,67.406,65.165,65.155,65.161,80.371,225.913,215.552,0.341,2.811,0.646
Nb29Mo26Ta12W33,29,26,12,33,424.046,174.086,87.864,64.631,64.631,64.628,101.209,257.406,268.444,0.326,2.543,0.703
Nb2Mo17Ta35W46,2,17,35,46,460.105,184.763,112.505,64.477,64.48,64.475,121.976,276.543,319.023,0.308,2.267,0.817
Nb21Mo1Ta27W51,21,1,27,51,414.326,173.929,92.309,64.866,64.866,64.865,102.609,254.061,271.302,0.322,2.476,0.768
Nb34Mo37Ta8W21,34,37,8,21,414.985,171.657,81.212,64.629,64.632,64.628,95.531,252.767,254.528,0.332,2.646,0.668
Nb21Mo45Ta22W12,21,45,22,12,420.842,172.013,88.304,64.623,64.617,64.62,101.325,254.956,268.417,0.325,2.516,0.71
Nb10Mo9Ta78W3,10,9,78,3,289.662,153.411,62.429,66.02,66.017,66.018,64.649,198.828,174.981,0.353,3.076,0.916
Nb6Mo84Ta4W6,6,84,4,6,450.4,177.188,102.433,63.667,63.667,63.666,114.962,268.258,301.777,0.313,2.333,0.75
Nb16Mo13Ta40W31,16,13,40,31,388.42,165.512,83.71,65.044,65.046,65.046,93.888,239.814,249.149,0.327,2.554,0.751
Nb50Mo4Ta35W11,50,4,35,11,287.638,142.54,41.588,65.975,65.977,65.976,52.061,190.906,143.168,0.375,3.667,0.573
Nb4Mo55Ta14W27,4,55,14,27,488.032,191.999,121.237,63.944,63.943,63.945,131.322,290.676,342.402,0.304,2.213,0.819
Nb10Mo28Ta57W5,10,28,57,5,353.114,155.261,72.556,65.329,65.32,65.328,82.16,221.212,219.327,0.335,2.692,0.733
Nb12Mo26Ta22W40,12,26,22,40,457.914,183.623,107.263,64.418,64.413,64.417,118.36,275.053,310.537,0.312,2.324,0.782
Nb20Mo15Ta42W23,20,15,42,23,367.595,160.257,75.465,65.223,65.22,65.225,85.713,229.37,228.657,0.334,2.676,0.728
Nb51Mo1Ta15W33,51,1,15,33,340.988,152.954,54.65,65.399,65.402,65.4,68.021,215.632,184.647,0.357,3.17,0.581
Nb6Mo9Ta72W13,6,9,72,13,320.289,156.912,71.58,65.697,65.693,65.694,75.465,211.371,202.318,0.34,2.801,0.876
Nb1Mo1Ta70W28,1,1,70,28,345.472,164.431,83.598,65.478,65.478,65.473,86.302,224.778,229.53,0.33,2.605,0.924
Nb34Mo43Ta1W22,34,43,1,22,430.124,177.141,86.317,64.436,64.434,64.435,100.633,261.469,267.571,0.329,2.598,0.682
Nb40Mo18Ta39W3,40,18,39,3,307.756,144.143,48.411,65.752,65.747,65.749,59.814,198.68,163.078,0.363,3.322,0.592
Nb6Mo77Ta6W11,6,77,6,11,459.938,180.956,107.164,63.742,63.742,63.742,119.104,273.95,312.084,0.31,2.3,0.768
Nb40Mo5Ta42W13,40,5,42,13,300.887,147.243,50.345,65.874,65.875,65.873,59.666,198.457,162.693,0.363,3.326,0.655
Nb13Mo38Ta48W1,13,38,48,1,371.926,157.901,75.311,65.127,65.124,65.128,86.713,229.242,231.011,0.332,2.644,0.704
Nb3Mo25Ta21W51,3,25,21,51,500.513,197.517,127.63,64.141,64.141,64.141,136.695,298.516,355.78,0.301,2.184,0.842
Nb16Mo62Ta21W1,16,62,21,1,433.996,175.708,94.18,64.414,64.416,64.417,106.892,261.804,282.261,0.32,2.449,0.729
Nb12Mo2Ta71W15,12,2,71,15,305.766,157.434,68.238,65.874,65.868,65.867,70.551,206.878,190.048,0.347,2.932,0.92
Nb57Mo17Ta12W14,57,17,12,14,325.342,145.524,43.492,65.435,65.431,65.437,58.435,205.463,160.125,0.37,3.516,0.484
Nb36Mo15Ta24W25,36,15,24,25,366.49,158.398,67.458,65.176,65.186,65.187,80.297,227.762,215.559,0.342,2.837,0.648
Nb22Mo18Ta6W54,22,18,6,54,467.396,187.94,108.091,64.315,64.315,64.314,119.801,281.092,314.695,0.313,2.346,0.774
Nb27Mo8Ta44W21,27,8,44,21,340.639,156.931,66.331,65.489,65.49,65.49,75.583,218.167,203.273,0.345,2.886,0.722
Nb13Mo12Ta1W74,13,12,1,74,513.538,202.79,131.454,63.974,63.976,63.976,140.551,306.373,365.727,0.301,2.18,0.846
Nb46Mo15Ta3W36,46,15,3,36,393.919,166.725,70.706,64.88,64.885,64.885,85.573,242.457,229.696,0.342,2.833,0.622
Nb6Mo27Ta44W23,6,27,44,23,412.003,169.976,92.975,64.821,64.82,64.821,103.331,250.651,272.542,0.319,2.426,0.768
Nb19Mo56Ta18W7,19,56,18,7,432.895,175.667,92.931,64.437,64.437,64.436,105.868,261.409,279.829,0.322,2.469,0.723
Nb10Mo50Ta30W10,10,50,30,10,438.071,176.867,98.794,64.512,64.511,64.515,110.487,263.935,290.874,0.316,2.389,0.756
Nb12Mo11Ta51W26,12,11,51,26,367.561,162.081,80.017,65.245,65.245,65.245,88.445,230.574,235.255,0.33,2.607,0.779
Nb12Mo58Ta2W28,12,58,2,28,474.868,188.301,112.799,63.859,63.859,63.859,124.142,283.823,325.037,0.309,2.286,0.787
Nb2Mo37Ta11W50,2,37,11,50,517.576,202.59,135.652,63.862,63.861,63.862,144.004,307.585,373.694,0.298,2.136,0.861
Nb73Mo11Ta4W12,73,11,4,12,287.092,133.684,23.817,65.684,65.682,65.682,38.93,184.82,109.127,0.402,4.748,0.311
Nb61Mo5Ta17W17,61,5,17,17,297.325,139.925,36.218,65.75,65.75,65.752,49.701,192.392,137.281,0.381,3.871,0.46
Nb12Mo30Ta55W3,12,30,55,3,352.504,154.52,71.089,65.326,65.322,65.327,81.187,220.515,216.937,0.336,2.716,0.718
Nb3Mo33Ta9W55,3,33,9,55,521.115,204.023,137.136,63.849,63.85,63.849,145.333,309.72,377.028,0.297,2.131,0.865
Nb9Mo58Ta14W19,9,58,14,19,469.256,186.296,111.165,64.068,64.066,64.069,122.439,280.616,320.677,0.31,2.292,0.786
Nb22Mo4Ta50W24,22,4,50,24,337.66,157.866,69.682,65.544,65.548,65.55,77.169,217.797,207.053,0.342,2.822,0.775
Nb10Mo16Ta48W26,10,16,48,26,383.767,164.302,84.333,65.086,65.084,65.08,93.715,237.457,248.459,0.326,2.534,0.769
Nb17Mo4Ta33W46,17,4,33,46,408.946,172.234,91.733,64.9,64.905,64.902,101.593,251.138,268.564,0.322,2.472,0.775
Nb9Mo17Ta62W12,9,17,62,12,340.917,156.037,72.487,65.478,65.464,65.472,79.903,217.664,213.575,0.336,2.724,0.784
Nb33Mo20Ta18W29,33,20,18,29,394.413,165.539,76.771,64.917,64.914,64.916,90.124,241.83,240.497,0.334,2.683,0.671
Nb1Mo23Ta30W46,1,23,30,46,481.963,191.371,120.686,64.308,64.31,64.308,129.994,288.235,339.016,0.304,2.217,0.831
Nb11Mo43Ta41W5,11,43,41,5,402.797,166.24,85.979,64.854,64.851,64.851,97.71,245.092,258.747,0.324,2.508,0.727
Nb17Mo41Ta20W22,17,41,20,22,440.582,178.004,97.603,64.468,64.47,64.471,109.922,265.53,289.779,0.318,2.416,0.743
Nb13Mo11Ta8W68,13,11,8,68,496.887,196.853,123.915,64.136,64.137,64.136,133.77,296.864,348.903,0.304,2.219,0.826
Nb26Mo7Ta28W39,26,7,28,39,391.735,166.814,81.567,65.023,65.022,65.024,92.78,241.787,246.775,0.33,2.606,0.725
Nb69Mo19Ta9W3,69,19,9,3,288.735,133.825,25.776,65.69,65.683,65.689,40.803,185.461,114.047,0.398,4.545,0.333
Nb39Mo3Ta24W34,39,3,24,34,358.214,158.545,66.071,65.302,65.302,65.306,77.992,225.102,209.751,0.345,2.886,0.662
Nb50Mo17Ta28W5,50,17,28,5,305.067,141.77,42.462,65.717,65.718,65.719,55.343,196.202,151.761,0.371,3.545,0.52
Nb2Mo45Ta50W3,2,45,50,3,409.448,168.308,91.732,64.827,64.826,64.826,102.352,248.688,270.013,0.319,2.43,0.761
Nb34Mo4Ta54W8,34,4,54,8,286.892,148.114,50.926,66.059,66.061,66.058,57.651,194.373,157.392,0.365,3.372,0.734
Nb38Mo32Ta23W7,38,32,23,7,360.498,154.826,61.837,65.165,65.159,65.163,75.903,223.383,204.542,0.347,2.943,0.601
Nb47Mo3Ta31W19,47,3,31,19,308.526,146.754,48.633,65.757,65.757,65.759,59.698,200.678,162.937,0.365,3.362,0.601
Nb24Mo26Ta7W43,24,26,7,43,455.007,183.869,101.646,64.373,64.37,64.372,114.084,274.248,300.573,0.317,2.404,0.75
Nb4Mo55Ta12W29,4,55,12,29,490.337,192.645,122.374,63.897,63.896,63.898,132.355,291.875,344.926,0.303,2.205,0.822
Nb35Mo37Ta14W14,35,37,14,14,395.96,165.317,74.172,64.813,64.813,64.814,88.576,242.198,236.855,0.337,2.734,0.643
Nb10Mo49Ta25W16,10,49,25,16,451.326,181.027,103.941,64.387,64.384,64.383,115.472,271.126,303.35,0.314,2.348,0.769
Nb7Mo16Ta42W35,7,16,42,35,414.981,172.053,95.237,64.817,64.82,64.819,104.984,253.029,276.685,0.318,2.41,0.784
Nb4Mo1Ta40W55,4,1,40,55,435.761,179.882,106.046,64.704,64.708,64.703,114.321,265.175,299.869,0.312,2.32,0.829
Nb38Mo26Ta15W21,38,26,15,21,384.581,162.348,70.279,64.959,64.952,64.958,84.502,236.425,226.52,0.34,2.798,0.632
Nb81Mo2Ta14W3,81,2,14,3,242.763,126.61,12.479,66.32,66.32,66.323,24.455,165.327,69.918,0.43,6.76,0.215
Nb24Mo40Ta7W29,24,40,7,29,448.343,181.529,97.815,64.331,64.336,64.337,110.776,270.467,292.407,0.32,2.442,0.733
Nb19Mo10Ta15W56,19,10,15,56,454.849,183.659,105.168,64.473,64.473,64.474,116.438,274.055,305.981,0.314,2.354,0.776
Nb25Mo12Ta38W25,25,12,38,25,364.875,160.466,72.817,65.251,65.246,65.246,83.426,228.602,223.136,0.337,2.74,0.712
Nb16Mo35Ta8W41,16,35,8,41,475.786,189.926,112.581,64.16,64.164,64.162,123.875,285.213,324.628,0.31,2.302,0.788
Nb69Mo1Ta19W11,69,1,19,11,266.438,133.505,25.194,66.087,66.086,66.087,37.611,177.816,105.403,0.401,4.728,0.379
Nb28Mo9Ta11W52,28,9,11,52,434.726,178.31,94.339,64.624,64.624,64.621,106.686,263.782,282.036,0.322,2.472,0.736
Nb8Mo84Ta6W2,8,84,6,2,446.726,176.595,100.171,63.769,63.769,63.767,112.923,266.639,296.861,0.314,2.361,0.742
Nb59Mo13Ta10W18,59,13,10,18,324.325,145.459,42.756,65.447,65.444,65.45,57.732,205.081,158.339,0.371,3.552,0.478
Nb6Mo40Ta9W45,6,40,9,45,504.133,198.328,128.33,63.913,63.915,63.913,137.652,300.263,358.217,0.301,2.181,0.839
Nb12Mo58Ta16W14,12,58,16,14,457.217,182.749,104.967,64.193,64.195,64.196,116.869,274.238,306.996,0.313,2.347,0.765
Nb19Mo34Ta16W31,19,34,16,31,445.905,180.056,99.308,64.439,64.439,64.441,111.62,268.672,294.127,0.318,2.407,0.747
Nb19Mo70Ta4W7,19,70,4,7,444.066,178.845,96.043,64.047,64.045,64.048,109.31,267.252,288.584,0.32,2.445,0.724
Nb24Mo38Ta27W11,24,38,27,11,398.567,165.893,79.622,64.831,64.847,64.85,92.717,243.451,246.817,0.331,2.626,0.684
Nb43Mo6Ta16W35,43,6,16,35,367.104,159.706,65.727,65.184,65.183,65.182,78.961,228.838,212.447,0.345,2.898,0.634
Nb28Mo44Ta10W18,28,44,10,18,427.56,175.011,87.971,64.501,64.504,64.505,101.706,259.194,269.825,0.326,2.548,0.697
Nb59Mo8Ta4W29,59,8,4,29,343.023,151.568,48.512,65.284,65.291,65.282,63.917,215.386,174.491,0.365,3.37,0.507
Nb11Mo38Ta46W5,11,38,46,5,386.085,161.767,80.793,65.006,65.006,65.008,92.155,236.54,244.687,0.328,2.567,0.72
Nb20Mo18Ta54W8,20,18,54,8,329.764,151.969,64.019,65.577,65.579,65.578,73.029,211.234,196.449,0.345,2.892,0.72
Nb10Mo1Ta21W68,10,1,21,68,471.56,188.655,115.668,64.388,64.39,64.388,125.373,282.957,327.718,0.307,2.257,0.818
Nb25Mo26Ta3W46,25,26,3,46,461.517,186.387,103.82,64.301,64.301,64.299,116.217,278.097,306.021,0.317,2.393,0.755
Nb23Mo62Ta9W6,23,62,9,6,435.155,176.836,91.552,64.296,64.295,64.295,105.108,262.943,278.248,0.324,2.502,0.709
Nb30Mo5Ta42W23,30,5,42,23,334.521,155.037,64.212,65.557,65.552,65.56,73.44,214.865,197.787,0.347,2.926,0.716
Nb11Mo23Ta10W56,11,23,10,56,495.851,196.386,123.467,64.104,64.104,64.105,133.379,296.208,347.916,0.304,2.221,0.825
Nb11Mo14Ta13W62,11,14,13,62,491.031,194.739,121.813,64.19,64.195,64.192,131.741,293.503,343.787,0.305,2.228,0.822
Nb43Mo52Ta1W4,43,52,1,4,402.009,169.017,70.913,64.631,64.628,64.627,86.609,246.681,232.604,0.343,2.848,0.609
Nb17Mo47Ta28W8,17,47,28,8,418.721,171.114,89.009,64.664,64.662,64.661,101.605,253.65,268.908,0.323,2.496,0.719
Nb29Mo25Ta18W28,29,25,18,28,407.238,168.745,82.1,64.792,64.788,64.791,95.372,248.243,253.635,0.33,2.603,0.688
Nb57Mo10Ta32W1,57,10,32,1,272.223,136.226,31.783,66.094,66.091,66.092,43.328,181.558,120.405,0.389,4.19,0.467
Nb10Mo59Ta29W2,10,59,29,2,438.195,176.811,98.393,64.469,64.461,64.467,110.25,263.939,290.326,0.317,2.394,0.753
Nb13Mo38Ta43W6,13,38,43,6,388.186,162.234,80.66,64.977,64.982,64.983,92.334,237.552,245.229,0.328,2.573,0.714
Nb31Mo42Ta17W10,31,42,17,10,401.158,166.601,77.308,64.77,64.768,64.771,91.404,244.787,243.858,0.334,2.678,0.659
Nb44Mo5Ta2W49,44,5,2,49,407.169,171.753,77.914,64.835,64.836,64.837,91.965,250.225,245.783,0.336,2.721,0.662
Nb38Mo6Ta24W32,38,6,24,32,362.809,160.068,66.86,65.244,65.233,65.246,79.032,227.648,212.504,0.344,2.88,0.66
Nb4Mo18Ta14W64,4,18,14,64,516.358,202.928,134.533,64.017,64.018,64.017,143.007,307.405,371.424,0.299,2.15,0.858
Nb9Mo7Ta83W1,9,7,83,1,278.368,154.143,61.343,66.145,66.144,66.143,61.649,195.552,167.361,0.357,3.172,0.988
Nb39Mo35Ta13W13,39,35,13,13,385.648,162.491,69.125,64.9,64.897,64.903,83.82,236.877,224.93,0.342,2.826,0.62
Nb24Mo43Ta15W18,24,43,15,18,428.81,174.878,90.073,64.524,64.524,64.529,103.375,259.522,273.774,0.324,2.51,0.709
Nb35Mo12Ta23W30,35,12,23,30,373.442,160.825,70.694,65.132,65.133,65.139,83.286,231.697,223.124,0.34,2.782,0.665
Nb51Mo1Ta45W3,51,1,45,3,261.623,141.858,36.329,66.337,66.336,66.336,44.431,181.78,123.251,0.387,4.091,0.607
Nb33Mo11Ta9W47,33,11,9,47,422.744,174.968,87.567,64.702,64.705,64.702,100.648,257.56,267.146,0.327,2.559,0.707
Nb39Mo20Ta3W38,39,20,3,38,416.547,173.233,81.334,64.685,64.685,64.684,95.614,254.338,254.901,0.333,2.66,0.669
Nb62Mo4Ta17W17,62,4,17,17,293.863,139.211,34.92,65.789,65.784,65.784,48.307,190.762,133.641,0.383,3.949,0.452
Nb6Mo25Ta21W48,6,25,21,48,487.125,193.051,121.065,64.225,64.223,64.223,130.862,291.076,341.42,0.305,2.224,0.823
Nb13Mo19Ta57W11,13,19,57,11,345.848,156.739,71.146,65.417,65.417,65.409,79.737,219.775,213.403,0.338,2.756,0.752
Nb31Mo38Ta9W22,31,38,9,22,421.845,173.511,84.929,64.574,64.574,64.572,98.921,256.289,262.934,0.329,2.591,0.684
Nb17Mo28Ta21W34,17,28,21,34,441.064,178.456,98.7,64.525,64.524,64.525,110.663,265.992,291.556,0.317,2.404,0.752
Nb15Mo6Ta74W5,15,6,74,5,287.083,153.324,60.577,66.062,66.06,66.06,63.024,197.91,170.928,0.356,3.14,0.906
Nb42Mo7Ta19W32,42,7,19,32,361.358,158.125,64.474,65.233,65.24,65.238,77.423,225.869,208.451,0.346,2.917,0.634
Nb21Mo2Ta5W72,21,2,5,72,476.718,190.925,113.879,64.306,64.305,64.303,124.716,286.189,326.693,0.31,2.295,0.797
Nb53Mo6Ta37W4,53,6,37,4,273.005,139.177,35.765,66.137,66.136,66.132,46.087,183.786,127.595,0.384,3.988,0.534
Nb25Mo25Ta37W13,25,25,37,13,366.353,158.367,70.531,65.178,65.188,65.187,82.433,227.696,220.669,0.338,2.762,0.678
Nb5Mo9Ta63W23,5,9,63,23,352.902,161.293,80.124,65.381,65.387,65.379,86.067,225.162,229.02,0.33,2.616,0.836
Nb24Mo24Ta10W42,24,24,10,42,447.457,181.232,98.799,64.448,64.452,64.45,111.341,269.974,293.654,0.319,2.425,0.742
Nb10Mo29Ta48W13,10,29,48,13,382.683,161.933,81.467,65.058,65.052,65.054,92.015,235.516,244.238,0.327,2.56,0.738
Nb7Mo51Ta21W21,7,51,21,21,469.442,186.594,112.204,64.2,64.2,64.2,123.102,280.877,322.231,0.309,2.282,0.793
Nb14Mo20Ta14W52,14,20,14,52,475.04,189.502,113.755,64.286,64.284,64.287,124.59,284.681,326.186,0.309,2.285,0.797
Nb62Mo12Ta23W3,62,12,23,3,277.955,134.636,29.489,65.953,65.948,65.956,42.463,182.409,118.215,0.392,4.296,0.412
Nb1Mo26Ta25W48,1,26,25,48,496.561,196.125,126.542,64.183,64.18,64.182,135.534,296.27,352.804,0.302,2.186,0.842
Nb11Mo42Ta9W38,11,42,9,38,485.933,192.704,118.401,64.038,64.04,64.038,128.981,290.447,337.05,0.307,2.252,0.808
Nb12Mo47Ta28W13,12,47,28,13,436.637,176.468,97.562,64.523,64.52,64.522,109.487,263.191,288.461,0.317,2.404,0.75
Nb53Mo16Ta16W15,53,16,16,15,328.903,146.977,47.257,65.444,65.442,65.44,61.62,207.619,168.217,0.365,3.369,0.52
Nb1Mo67Ta7W25,1,67,7,25,483.676,188.341,120.255,63.67,63.671,63.671,130.56,286.786,340.074,0.302,2.197,0.814
Nb2Mo1Ta63W34,2,1,63,34,368.703,168.749,88.436,65.27,65.256,65.27,92.885,235.4,246.264,0.326,2.534,0.885
Nb10Mo8Ta2W80,10,8,2,80,523.262,205.708,136.588,63.925,63.926,63.926,145.07,311.559,376.737,0.298,2.148,0.86
Nb11Mo53Ta6W30,11,53,6,30,479.497,190.062,115.263,63.94,63.941,63.942,126.262,286.54,330.275,0.308,2.269,0.796
Nb6Mo14Ta17W63,6,14,17,63,500.39,197.627,127.231,64.15,64.151,64.149,136.397,298.548,355.112,0.302,2.189,0.84
Nb18Mo55Ta7W20,18,55,7,20,456.572,183.328,102.699,64.14,64.139,64.14,115.146,274.409,303.05,0.316,2.383,0.752
Nb3Mo30Ta58W9,3,30,58,9,375.389,160.375,81.738,65.126,65.12,65.126,91.226,232.046,241.968,0.326,2.544,0.76
Nb7Mo25Ta62W6,7,25,62,6,347.087,155.007,72.628,65.396,65.386,65.38,81.234,219.034,216.89,0.335,2.696,0.756
Nb16Mo29Ta2W53,16,29,2,53,492.136,195.817,120.192,64.039,64.038,64.036,130.694,294.59,341.569,0.307,2.254,0.811
Nb17Mo34Ta39W10,17,34,39,10,386.122,162.036,79.112,64.998,64.997,65.002,90.968,236.732,241.917,0.33,2.602,0.706
Nb23Mo20Ta38W19,23,20,38,19,369.107,159.159,73.381,65.187,65.186,65.184,84.721,229.141,226.276,0.335,2.705,0.699
Nb40Mo33Ta25W2,40,33,25,2,347.206,150.891,56.58,65.273,65.274,65.277,70.666,216.33,191.182,0.353,3.061,0.576
Nb9Mo45Ta7W39,9,45,7,39,492.731,194.645,122.151,63.933,63.933,63.933,132.281,294.007,345.087,0.304,2.223,0.82
Nb39Mo20Ta7W34,39,20,7,34,405.224,169.381,77.423,64.786,64.788,64.789,91.687,247.995,244.883,0.335,2.705,0.657
Nb55Mo26Ta5W14,55,26,5,14,353.182,153.392,51.237,65.144,65.137,65.142,67.168,219.989,182.889,0.361,3.275,0.513
Nb6Mo57Ta28W9,6,57,28,9,454.777,181.771,106.39,64.335,64.335,64.335,117.561,272.773,308.381,0.312,2.32,0.779
Nb53Mo17Ta14W16,53,17,14,16,334.619,148.472,48.633,65.376,65.377,65.383,63.262,210.521,172.506,0.363,3.328,0.523
Nb14Mo41Ta6W39,14,41,6,39,482.441,191.991,115.946,64.047,64.048,64.049,126.887,288.808,332.034,0.308,2.276,0.798
Nb36Mo1Ta56W7,36,1,56,7,276.201,148.067,48.503,66.191,66.195,66.188,54.226,190.778,148.599,0.37,3.518,0.757
Nb64Mo3Ta2W31,64,3,2,31,329.312,147.704,42.184,65.384,65.392,65.384,57.657,208.24,158.355,0.373,3.612,0.465
Nb3Mo25Ta62W10,3,25,62,10,361.192,158.223,78.442,65.265,65.254,65.249,86.968,225.879,231.229,0.329,2.597,0.773
Nb11Mo59Ta17W13,11,59,17,13,457.887,182.837,105.643,64.193,64.188,64.191,117.418,274.52,308.299,0.313,2.338,0.768
Nb8Mo29Ta54W9,8,29,54,9,369.999,158.976,78.28,65.168,65.168,65.169,88.232,229.317,234.607,0.329,2.599,0.742
Nb43Mo24Ta11W22,43,24,11,22,379,161.119,66.322,64.988,64.992,64.992,80.997,233.746,217.831,0.345,2.886,0.609
Nb26Mo48Ta16W10,26,48,16,10,418.461,171.771,85.145,64.593,64.59,64.59,98.805,254.001,262.391,0.328,2.571,0.69
Nb10Mo19Ta49W22,10,19,49,22,380.415,162.884,82.532,65.108,65.103,65.103,92.185,235.395,244.622,0.327,2.554,0.759
Nb32Mo13Ta19W36,32,13,19,36,396.047,166.72,78.864,64.935,64.937,64.933,91.651,243.162,244.265,0.333,2.653,0.688
Nb39Mo9Ta20W32,39,9,20,32,368.926,159.897,67.891,65.175,65.171,65.173,80.749,229.573,216.826,0.343,2.843,0.65
Nb76Mo5Ta8W11,76,5,8,11,266.703,129.294,18.619,65.934,65.934,65.933,32.468,175.097,91.734,0.413,5.393,0.271
Nb6Mo21Ta15W58,6,21,15,58,504.718,199.073,128.769,64.088,64.088,64.09,137.905,300.955,358.898,0.301,2.182,0.843
Nb38Mo30Ta8W24,38,30,8,24,404.012,168.526,76.284,64.757,64.756,64.754,90.829,247.021,242.735,0.336,2.72,0.648
Nb10Mo22Ta30W38,10,22,30,38,442.251,178.895,102.425,64.57,64.573,64.569,113.27,266.68,297.666,0.314,2.354,0.778
Nb23Mo11Ta19W47,23,11,19,47,429.016,176.06,94.188,64.686,64.681,64.686,106.002,260.379,280.009,0.321,2.456,0.745
Nb2Mo3Ta86W9,2,3,86,9,290.077,158.702,69.953,66.004,66.002,66.009,68.214,202.494,183.983,0.349,2.968,1.065
Nb9Mo26Ta43W22,9,26,43,22,403.302,167.55,88.96,64.886,64.885,64.893,99.583,246.134,263.246,0.322,2.472,0.755
Nb61Mo19Ta14W6,61,19,14,6,304.421,139.133,35.026,65.608,65.604,65.606,49.795,194.229,137.624,0.382,3.901,0.424
Nb3Mo52Ta35W10,3,52,35,10,451.492,180.953,106.516,64.441,64.44,64.441,117.216,271.133,307.356,0.311,2.313,0.787
Nb4Mo64Ta17W15,4,64,17,15,473.278,186.715,114.459,63.995,63.996,63.998,125.231,282.236,327.287,0.307,2.254,0.799
Nb40Mo2Ta40W18,40,2,40,18,307.022,149.118,52.767,65.819,65.817,65.818,62.04,201.753,168.815,0.361,3.252,0.668
Nb3Mo20Ta1W76,3,20,1,76,544.425,212.469,148.616,63.699,63.7,63.698,155.333,323.121,401.64,0.293,2.08,0.895
Nb31Mo45Ta4W20,31,45,4,20,431.358,176.911,87.896,64.427,64.427,64.426,101.962,261.726,270.73,0.328,2.567,0.691
Nb3Mo38Ta3W56,3,38,3,56,522.059,203.656,138.185,63.705,63.706,63.705,146.24,309.79,379.072,0.296,2.118,0.868
Nb10Mo37Ta46W7,10,37,46,7,390.038,162.887,82.672,64.978,64.976,64.977,93.901,238.604,249.034,0.326,2.541,0.728
Nb92Mo2Ta3W3,92,2,3,3,227.15,118.084,2.276,66.32,66.322,66.322,13.435,154.44,39.169,0.458,11.495,0.042
Nb3Mo13Ta64W20,3,13,64,20,355.743,160.428,80.288,65.34,65.337,65.34,86.836,225.533,230.878,0.329,2.597,0.822
Nb10Mo29Ta12W49,10,29,12,49,492.096,194.974,121.906,64.112,64.113,64.11,131.95,294.015,344.338,0.305,2.228,0.821
Nb16Mo55Ta24W5,16,55,24,5,430.252,174.611,93.197,64.513,64.51,64.51,105.784,259.825,279.43,0.321,2.456,0.729
Nb12Mo13Ta20W55,12,13,20,55,466.576,186.739,111.724,64.393,64.393,64.394,122.26,280.018,320.182,0.309,2.29,0.798
Nb26Mo63Ta2W9,26,63,2,9,437.823,178.34,91.13,64.194,64.193,64.196,105.01,264.834,278.252,0.325,2.522,0.702
Nb32Mo28Ta32W8,32,28,32,8,356.12,154.763,63.796,65.251,65.238,65.25,76.65,221.882,206.204,0.345,2.895,0.634
Nb57Mo35Ta4W4,57,35,4,4,348.82,151.819,47.541,65.128,65.128,65.135,63.936,217.486,174.689,0.366,3.402,0.483
Nb4Mo35Ta19W42,4,35,19,42,496.007,195.821,125.166,64.104,64.104,64.103,134.605,295.883,350.643,0.302,2.198,0.834
Nb3Mo22Ta39W36,3,22,39,36,441.638,178.965,104.927,64.601,64.604,64.601,114.798,266.523,301.155,0.312,2.322,0.799
Nb18Mo41Ta26W15,18,41,26,15,421.304,171.948,90.038,64.652,64.651,64.653,102.595,255.067,271.397,0.323,2.486,0.722
Nb13Mo65Ta14W8,13,65,14,8,451.23,180.654,101.883,64.156,64.154,64.155,114.147,270.846,300.259,0.315,2.373,0.753
Nb36Mo9Ta28W27,36,9,28,27,355.148,156.933,65.595,65.317,65.315,65.315,77.427,223.005,208.188,0.344,2.88,0.662
Nb51Mo14Ta19W16,51,14,19,16,327.506,147.238,48.401,65.48,65.48,65.481,62.248,207.327,169.755,0.364,3.331,0.537
Nb2Mo30Ta49W19,2,30,49,19,411.634,169.765,94.022,64.831,64.829,64.829,103.998,250.388,274.052,0.318,2.408,0.777
Nb19Mo46Ta24W11,19,46,24,11,422.315,172.391,89.535,64.616,64.613,64.613,102.346,255.699,270.896,0.323,2.498,0.716
Nb32Mo6Ta19W43,32,6,19,43,397.905,168.375,80.809,64.951,64.955,64.954,93.024,244.885,247.706,0.331,2.632,0.704
Nb7Mo1Ta90W2,7,1,90,2,265.09,157.761,62.905,66.294,66.295,66.289,59.03,193.537,160.748,0.362,3.279,1.172
Nb55Mo7Ta5W33,55,7,5,33,355.609,155.581,54.792,65.204,65.202,65.212,69.885,222.257,189.766,0.358,3.18,0.548
Nb2Mo46Ta3W49,2,46,3,49,513.657,199.967,134.617,63.662,63.661,63.662,143.107,304.53,371.179,0.297,2.128,0.858
Nb22Mo28Ta42W8,22,28,42,8,359.223,155.69,69.369,65.258,65.251,65.253,80.91,223.534,216.597,0.339,2.763,0.682
Nb62Mo10Ta5W23,62,10,5,23,327.87,146.62,42.113,65.39,65.393,65.396,57.553,207.036,158.016,0.373,3.597,0.465
Nb16Mo53Ta4W27,16,53,4,27,468.329,187.115,108.573,64.021,64.021,64.023,120.423,280.853,316.091,0.312,2.332,0.772
Nb13Mo19Ta11W57,13,19,11,57,487.48,193.678,119.347,64.189,64.19,64.188,129.698,291.612,338.858,0.306,2.248,0.812
Nb32Mo6Ta8W54,32,6,8,54,430.656,177.774,91.712,64.663,64.669,64.664,104.317,262.068,276.292,0.324,2.512,0.725
Nb13Mo17Ta14W56,13,17,14,56,479.369,190.968,116.152,64.267,64.264,64.266,126.662,287.102,331.269,0.308,2.267,0.805
Nb22Mo41Ta19W18,22,41,19,18,425.952,173.719,90.027,64.579,64.579,64.58,103.064,257.797,272.833,0.324,2.501,0.714
Nb52Mo11Ta5W32,52,11,5,32,366.881,158.654,59.491,65.112,65.111,65.113,74.57,228.063,201.724,0.353,3.058,0.571
Nb20Mo9Ta58W13,20,9,58,13,320.787,154.983,64.491,65.694,65.695,65.683,71.317,210.251,192.217,0.348,2.948,0.778
Nb25Mo9Ta62W4,25,9,62,4,291.169,149.245,54.948,66.012,66.008,66.011,60.877,196.553,165.541,0.36,3.229,0.774
Nb14Mo72Ta11W3,14,72,11,3,445.976,178.683,98.752,64.087,64.085,64.088,111.489,267.781,293.706,0.317,2.402,0.739
Nb47Mo25Ta12W16,47,25,12,16,362.118,155.843,58.714,65.124,65.122,65.123,73.71,224.601,199.324,0.352,3.047,0.569
Nb5Mo7Ta62W26,5,7,62,26,356.906,162.618,81.832,65.357,65.353,65.355,87.647,227.381,233.004,0.329,2.594,0.842
Nb4Mo9Ta49W38,4,9,49,38,403.85,170.864,94.525,64.937,64.938,64.937,102.775,248.526,270.972,0.318,2.418,0.811
Nb14Mo50Ta31W5,14,50,31,5,421.093,171.697,90.905,64.652,64.649,64.653,103.19,254.829,272.753,0.322,2.47,0.729
Nb19Mo15Ta12W54,19,15,12,54,462.22,185.783,107.343,64.386,64.39,64.385,118.785,277.929,311.917,0.313,2.34,0.777
Nb17Mo17Ta9W57,17,17,9,57,477.524,190.79,114.04,64.255,64.254,64.255,124.987,286.368,327.338,0.309,2.291,0.795
Nb14Mo2Ta9W75,14,2,9,75,490.369,194.563,121.422,64.207,64.208,64.208,131.401,293.165,342.963,0.305,2.231,0.821
Nb72Mo16Ta6W6,72,16,6,6,285.6,132.95,23.328,65.695,65.691,65.7,38.413,183.834,107.734,0.402,4.786,0.306
Nb12Mo66Ta7W15,12,66,7,15,460.74,183.312,105.992,63.955,63.955,63.955,118.058,275.788,309.947,0.313,2.336,0.764
Nb13Mo57Ta20W10,13,57,20,10,447.62,179.796,100.916,64.324,64.322,64.323,113.032,269.071,297.446,0.316,2.38,0.754
Nb43Mo13Ta15W29,43,13,15,29,368.497,158.954,64.778,65.138,65.134,65.134,78.614,228.802,211.606,0.346,2.91,0.618
Nb1Mo10Ta19W70,1,10,19,70,516.244,202.726,135.17,64.065,64.064,64.065,143.428,307.232,372.343,0.298,2.142,0.862
Nb8Mo44Ta24W24,8,44,24,24,463.112,184.748,109.593,64.316,64.316,64.318,120.604,277.536,316.033,0.31,2.301,0.787
Nb15Mo32Ta12W41,15,32,12,41,471.523,188.392,111.197,64.239,64.237,64.24,122.489,282.769,321.103,0.311,2.309,0.785
Nb5Mo62Ta1W32,5,62,1,32,484.502,189.466,119.696,63.645,63.645,63.645,130.144,287.811,339.291,0.304,2.211,0.811
Nb4Mo26Ta43W27,4,26,43,27,423.522,173.248,97.739,64.733,64.733,64.737,107.909,256.673,283.938,0.316,2.379,0.781
Nb27Mo10Ta1W62,27,10,1,62,465.681,188.203,106.434,64.353,64.348,64.346,118.361,280.696,311.323,0.315,2.372,0.767
Nb40Mo37Ta5W18,40,37,5,18,403.751,168.733,74.35,64.706,64.708,64.71,89.384,247.072,239.295,0.339,2.764,0.633
Nb2Mo67Ta12W19,2,67,12,19,479.8,187.867,117.916,63.815,63.815,63.816,128.435,285.178,335.013,0.304,2.22,0.808
Nb45Mo9Ta37W9,45,9,37,9,298.016,143.919,45.634,65.865,65.866,65.872,56.363,195.285,154.249,0.368,3.465,0.592
Nb30Mo37Ta22W11,30,37,22,11,390.822,163.375,74.802,64.895,64.889,64.894,88.519,239.191,236.394,0.335,2.702,0.658
Nb69Mo2Ta4W25,69,2,4,25,302.603,139.529,31.787,65.594,65.594,65.598,46.869,193.887,130.121,0.388,4.137,0.39
Nb22Mo14Ta51W13,22,14,51,13,332.933,153.535,65.272,65.556,65.56,65.558,74.147,213.334,199.346,0.344,2.877,0.728
Nb18Mo44Ta34W4,18,44,34,4,398.026,164.921,81.52,64.862,64.859,64.861,94.097,242.623,249.974,0.328,2.578,0.699
Nb4Mo65Ta15W16,4,65,15,16,474.038,186.794,114.725,63.946,63.945,63.946,125.525,282.542,328.001,0.307,2.251,0.799
Nb1Mo15Ta48W36,1,15,48,36,418.861,173.498,99.014,64.8,64.803,64.799,107.887,255.285,283.697,0.315,2.366,0.807
Nb18Mo10Ta21W51,18,10,21,51,440.773,179.429,100.424,64.601,64.593,64.599,111.597,266.543,293.79,0.316,2.388,0.769
Nb31Mo50Ta1W18,31,50,1,18,435.414,178.471,89.037,64.336,64.337,64.338,103.155,264.118,273.817,0.327,2.56,0.693
Nb5Mo75Ta2W18,5,75,2,18,465.114,182.209,110.077,63.625,63.625,63.625,121.71,276.511,318.413,0.308,2.272,0.778
Nb25Mo11Ta4W60,25,11,4,60,464.051,187.244,106.344,64.367,64.363,64.365,118.186,279.513,310.758,0.315,2.365,0.768
Nb68Mo7Ta1W24,68,7,1,24,315.672,142.649,34.956,65.45,65.457,65.461,50.737,200.323,140.362,0.383,3.948,0.404
Nb51Mo5Ta28W16,51,5,28,16,302.861,144.05,44.254,65.788,65.78,65.787,56.045,196.987,153.572,0.37,3.515,0.557
Nb49Mo27Ta12W12,49,27,12,12,354.136,153.397,54.873,65.174,65.169,65.174,70.049,220.31,190.009,0.356,3.145,0.547
Nb2Mo58Ta39W1,2,58,39,1,443.176,178.329,103.438,64.506,64.503,64.506,114.198,266.612,299.791,0.313,2.335,0.781
Nb17Mo3Ta44W36,17,3,44,36,374.095,165.313,81.963,65.219,65.215,65.214,90.302,234.907,240.134,0.33,2.601,0.785
Nb3Mo48Ta41W8,3,48,41,8,435.02,176.019,100.492,64.604,64.605,64.607,111.239,262.352,292.391,0.314,2.358,0.776
Nb7Mo65Ta12W16,7,65,12,16,469.143,185.5,111.529,63.951,63.951,63.95,122.797,280.048,321.413,0.309,2.281,0.786
Nb28Mo43Ta26W3,28,43,26,3,386.257,161.661,73.378,64.928,64.925,64.932,87.067,236.526,232.654,0.336,2.717,0.653
Nb42Mo30Ta2W26,42,30,2,26,407.382,170.345,75.482,64.701,64.709,64.704,90.503,249.357,242.206,0.338,2.755,0.637
Nb9Mo7Ta42W42,9,7,42,42,408.729,171.989,94.324,64.902,64.9,64.899,103.305,250.903,272.513,0.319,2.429,0.797
Nb9Mo52Ta9W30,9,52,9,30,482.35,190.873,117.209,63.964,63.964,63.963,127.893,288.032,334.214,0.307,2.252,0.804
Nb1Mo13Ta65W21,1,13,65,21,359.413,161.245,82.19,65.306,65.303,65.301,88.577,227.301,235.181,0.328,2.566,0.829
Nb17Mo48Ta8W27,17,48,8,27,463.476,185.686,106.347,64.157,64.156,64.156,118.356,278.283,310.981,0.314,2.351,0.766
Nb13Mo40Ta28W19,13,40,28,19,434.332,175.881,96.859,64.565,64.565,64.568,108.724,262.031,286.542,0.318,2.41,0.75
Nb5Mo38Ta19W38,5,38,19,38,490.742,193.999,122.403,64.122,64.125,64.125,132.204,292.913,344.745,0.304,2.216,0.825
Nb3Mo46Ta29W22,3,46,29,22,469.332,186.716,113.681,64.301,64.297,64.296,124.029,280.921,324.352,0.308,2.265,0.804
Nb9Mo28Ta25W38,9,28,25,38,460.942,184.435,109.294,64.402,64.402,64.402,120.083,276.604,314.708,0.31,2.303,0.791
Nb9Mo76Ta7W8,9,76,7,8,455.237,180.267,104.08,63.846,63.845,63.848,116.363,271.923,305.51,0.313,2.337,0.757
Nb71Mo18Ta9W2,71,18,9,2,281.306,131.794,22.733,65.755,65.751,65.754,37.522,181.631,105.315,0.403,4.841,0.304
Nb51Mo3Ta7W39,51,3,7,39,366.041,159.489,61.292,65.167,65.162,65.165,75.639,228.34,204.354,0.351,3.019,0.593
Nb1Mo19Ta59W21,1,19,59,21,379.276,163.469,86.085,65.113,65.116,65.107,94.236,235.405,249.425,0.323,2.498,0.798
Nb42Mo45Ta3W10,42,45,3,10,401.528,168.439,71.928,64.681,64.678,64.681,87.354,246.136,234.339,0.341,2.818,0.617
Nb1Mo53Ta34W12,1,53,34,12,461.014,183.933,110.963,64.356,64.359,64.358,121.278,276.293,317.395,0.309,2.278,0.801
Nb9Mo60Ta13W18,9,60,13,18,469.247,186.123,111.042,64.038,64.036,64.038,122.386,280.498,320.538,0.31,2.292,0.784
Nb70Mo6Ta5W19,70,6,5,19,296.075,137.04,28.955,65.648,65.641,65.638,44.006,190.052,122.558,0.393,4.319,0.364
Nb1Mo45Ta20W34,1,45,20,34,498.995,196.26,127.087,64.027,64.027,64.027,136.3,297.172,354.675,0.301,2.18,0.84
Nb20Mo7Ta50W23,20,7,50,23,344.004,158.09,71.244,65.484,65.475,65.479,79.258,220.062,212.287,0.339,2.777,0.766
Nb17Mo66Ta14W3,17,66,14,3,439.997,177.578,95.759,64.257,64.255,64.255,108.65,265.051,286.767,0.32,2.439,0.73
Nb5Mo4Ta76W15,5,4,76,15,311.939,158.701,72.448,65.79,65.791,65.794,74.089,209.781,198.856,0.342,2.831,0.946
Nb47Mo29Ta20W4,47,29,20,4,337.718,148.414,50.929,65.346,65.342,65.344,65.445,211.515,177.979,0.36,3.232,0.538
Nb7Mo20Ta52W21,7,20,52,21,381.586,163.209,83.995,65.098,65.091,65.094,93.304,236.001,247.319,0.325,2.529,0.769
Nb18Mo18Ta22W42,18,18,22,42,436.286,177.329,97.553,64.601,64.605,64.6,109.275,263.648,288.031,0.318,2.413,0.753
Nb37Mo8Ta14W41,37,8,14,41,394.513,167.144,76.971,64.957,64.955,64.951,90.023,242.933,240.377,0.335,2.699,0.677
Nb37Mo48Ta10W5,37,48,10,5,398.902,166.689,73.308,64.727,64.725,64.724,88.207,244.093,236.172,0.339,2.767,0.631
Nb53Mo25Ta7W15,53,25,7,15,355.02,153.84,53.24,65.145,65.147,65.149,68.885,220.9,187.197,0.359,3.207,0.529
Nb18Mo19Ta18W45,18,19,18,45,448.083,180.984,101.86,64.501,64.497,64.496,113.539,270.017,298.743,0.316,2.378,0.763
Nb4Mo37Ta37W22,4,37,37,22,444.028,178.78,104.033,64.549,64.548,64.548,114.66,267.196,300.934,0.312,2.33,0.784
Nb2Mo1Ta62W35,2,1,62,35,369.294,167.511,88.794,65.267,65.268,65.267,93.45,234.772,247.511,0.324,2.512,0.88
Nb35Mo49Ta10W6,35,49,10,6,404.922,168.443,76.221,64.67,64.67,64.668,90.94,247.269,243.026,0.336,2.719,0.645
Nb5Mo57Ta22W16,5,57,22,16,470.252,186.496,113.026,64.159,64.158,64.158,123.8,281.082,323.854,0.308,2.27,0.797
Nb42Mo37Ta20W1,42,37,20,1,354.947,152.896,57.455,65.171,65.173,65.174,72.158,220.247,195.161,0.352,3.052,0.569
Nb1Mo31Ta20W48,1,31,20,48,508.556,200.061,131.608,64.053,64.054,64.053,140.24,302.893,364.471,0.299,2.16,0.853
Nb31Mo15Ta53W1,31,15,53,1,297.496,145.818,51.289,65.909,65.907,65.917,60.014,196.377,163.396,0.361,3.272,0.676
Nb30Mo17Ta16W37,30,17,16,37,410.912,170.591,84.039,64.785,64.791,64.784,97.007,250.698,257.772,0.329,2.584,0.699
Nb33Mo11Ta13W43,33,11,13,43,411.05,171.395,83.63,64.805,64.809,64.808,96.617,251.28,256.922,0.33,2.601,0.698
Nb29Mo13Ta40W18,29,13,40,18,343.074,154.354,64.772,65.443,65.449,65.448,75.334,217.261,202.587,0.345,2.884,0.686
Nb38Mo35Ta8W19,38,35,8,19,403.046,168.039,75.341,64.739,64.739,64.74,90.087,246.374,240.898,0.337,2.735,0.641
Nb11Mo17Ta34W38,11,17,34,38,425.59,174.463,96.872,64.717,64.722,64.719,107.483,258.172,283.154,0.317,2.402,0.771
Nb4Mo20Ta59W17,4,20,59,17,368.214,160.767,81.401,65.211,65.209,65.204,89.699,229.916,238.129,0.327,2.563,0.785
Nb2Mo67Ta18W13,2,67,18,13,474.922,186.826,115.674,63.959,63.96,63.961,126.296,282.858,329.802,0.306,2.24,0.803
Nb48Mo25Ta17W10,48,25,17,10,343.073,150.191,52.451,65.298,65.293,65.298,67.102,214.485,182.296,0.358,3.196,0.544
Nb4Mo33Ta59W4,4,33,59,4,367.663,157.928,78.333,65.179,65.183,65.181,88.05,227.84,234.006,0.329,2.588,0.747
Nb17Mo11Ta15W57,17,11,15,57,462.198,185.662,108.428,64.414,64.413,64.414,119.518,277.84,313.59,0.312,2.325,0.784
Nb55Mo9Ta25W11,55,9,25,11,296.726,140.78,39.246,65.807,65.803,65.804,51.857,192.762,142.768,0.377,3.717,0.503
Nb22Mo23Ta50W5,22,23,50,5,336.516,152.51,63.608,65.487,65.476,65.489,73.766,213.846,198.477,0.345,2.899,0.691
Nb24Mo20Ta15W41,24,20,15,41,434.568,177.221,94.519,64.589,64.587,64.586,106.964,263.003,282.582,0.321,2.459,0.735
Nb18Mo57Ta7W18,18,57,7,18,454.92,182.75,101.843,64.133,64.133,64.133,114.39,273.473,301.177,0.316,2.391,0.748
Nb32Mo12Ta38W18,32,12,38,18,339.092,153.363,62.458,65.479,65.483,65.485,73.246,215.273,197.354,0.347,2.939,0.673
Nb44Mo3Ta5W48,44,3,5,48,398.746,169.359,75.568,64.92,64.924,64.919,89.363,245.822,239.115,0.338,2.751,0.659
Nb27Mo7Ta37W29,27,7,37,29,360.268,159.82,72.012,65.308,65.312,65.308,82.223,226.636,220.056,0.338,2.756,0.719
Nb7Mo8Ta84W1,7,8,84,1,281.101,154.287,62.534,66.108,66.105,66.113,62.882,196.559,170.466,0.355,3.126,0.986
Nb4Mo41Ta18W37,4,41,18,37,494.572,195.098,124.368,64.07,64.067,64.068,133.963,294.922,349.04,0.303,2.202,0.831
Nb22Mo12Ta59W7,22,12,59,7,309.096,150.739,59.707,65.809,65.813,65.813,66.858,203.525,180.779,0.352,3.044,0.754
Nb55Mo33Ta2W10,55,33,2,10,362.441,156.44,53.202,65.03,65.026,65.032,69.539,225.107,189.142,0.36,3.237,0.517
Nb46Mo18Ta21W15,46,18,21,15,338.944,150.035,53.532,65.379,65.378,65.381,67.328,213.005,182.73,0.357,3.164,0.567
Nb2Mo5Ta24W69,2,5,24,69,495.792,195.904,126.659,64.221,64.22,64.219,135.51,295.867,352.686,0.301,2.183,0.845
Nb5Mo18Ta69W8,5,18,69,8,331.558,154.721,71.33,65.559,65.553,65.549,77.735,213.667,207.984,0.338,2.749,0.807
Nb33Mo22Ta44W1,33,22,44,1,315.873,146.172,53.134,65.679,65.672,65.672,64.148,202.739,174.083,0.357,3.161,0.626
Nb13Mo8Ta51W28,13,8,51,28,364.76,162.478,79.82,65.285,65.282,65.283,87.76,229.905,233.561,0.331,2.62,0.789
Nb39Mo34Ta3W24,39,34,3,24,412.853,171.746,78.374,64.638,64.641,64.644,93.186,252.115,248.894,0.335,2.705,0.65
Nb64Mo9Ta2W25,64,9,2,25,328.657,146.771,40.949,65.361,65.367,65.365,56.719,207.399,155.942,0.375,3.657,0.45
Nb6Mo4Ta89W1,6,4,89,1,270.277,156.512,62.881,66.232,66.233,66.228,60.409,194.434,164.219,0.359,3.219,1.105
Nb16Mo18Ta3W63,16,18,3,63,496.189,197.174,122.44,64.086,64.087,64.085,132.633,296.846,346.32,0.306,2.238,0.819
Nb38Mo6Ta32W24,38,6,32,24,336.622,153.375,60.092,65.5,65.503,65.501,71.195,214.457,192.304,0.351,3.012,0.656
Nb2Mo36Ta49W13,2,36,49,13,412.254,169.435,93.513,64.815,64.818,64.817,103.825,250.375,273.649,0.318,2.412,0.77
Nb12Mo37Ta36W15,12,37,36,15,414.641,169.888,90.31,64.756,64.756,64.755,102.01,251.473,269.579,0.321,2.465,0.738
Nb49Mo8Ta23W20,49,8,23,20,323.87,147.769,50.008,65.558,65.563,65.559,62.841,206.47,171.158,0.362,3.286,0.568
Nb65Mo14Ta14W7,65,14,14,7,290.14,135.74,29.836,65.749,65.743,65.748,44.161,187.207,122.824,0.391,4.239,0.386
Nb51Mo17Ta19W13,51,17,19,13,327.04,146.642,47.693,65.471,65.47,65.47,61.733,206.775,168.438,0.364,3.349,0.529
Nb37Mo15Ta35W13,37,15,35,13,331.978,151.179,56.884,65.513,65.514,65.513,68.54,211.445,185.568,0.354,3.085,0.629
Nb30Mo5Ta14W51,30,5,14,51,420.196,174.663,89.337,64.771,64.767,64.767,101.483,256.508,268.977,0.325,2.528,0.728
Nb64Mo16Ta16W4,64,16,16,4,288.481,135.281,29.734,65.774,65.772,65.775,43.924,186.348,122.174,0.391,4.242,0.388
Nb29Mo60Ta5W6,29,60,5,6,428.173,175.552,86.436,64.354,64.352,64.353,100.657,259.759,267.428,0.328,2.581,0.684
Nb2Mo30Ta27W41,2,30,27,41,485.266,192.332,121.356,64.252,64.252,64.25,130.846,289.976,341.215,0.304,2.216,0.829
Nb18Mo35Ta36W11,18,35,36,11,391.688,163.485,80.303,64.94,64.939,64.941,92.46,239.553,245.761,0.329,2.591,0.704
Nb11Mo6Ta69W14,11,6,69,14,316.468,157.773,69.291,65.743,65.74,65.743,73.152,210.671,196.691,0.344,2.88,0.873
Nb20Mo58Ta10W12,20,58,10,12,444.024,179.386,96.528,64.254,64.254,64.255,109.542,267.599,289.168,0.32,2.443,0.73
Nb45Mo42Ta8W5,45,42,8,5,379.11,160.985,63.06,64.899,64.897,64.904,78.66,233.693,212.174,0.349,2.971,0.578
Nb18Mo34Ta36W12,18,34,36,12,391.916,163.58,80.527,64.945,64.94,64.943,92.635,239.692,246.189,0.329,2.588,0.705
Nb12Mo34Ta41W13,12,34,41,13,398.503,165.551,85.225,64.903,64.902,64.903,96.599,243.202,255.913,0.325,2.518,0.732
Nb52Mo34Ta11W3,52,34,11,3,345.864,150.522,49.693,65.202,65.2,65.203,65.364,215.636,178.098,0.362,3.299,0.509
Nb21Mo61Ta5W13,21,61,5,13,446.753,180.407,96.997,64.151,64.147,64.149,110.145,269.189,290.775,0.32,2.444,0.728
Nb35Mo1Ta48W16,35,1,48,16,300.868,150.41,54.623,65.906,65.911,65.905,62.105,200.563,168.882,0.36,3.229,0.726
Nb24Mo21Ta10W45,24,21,10,45,448.449,181.662,99.459,64.458,64.457,64.457,111.879,270.591,294.983,0.318,2.419,0.746
Nb69Mo12Ta1W18,69,12,1,18,311.626,140.874,32.43,65.46,65.468,65.466,48.368,197.791,134.169,0.387,4.089,0.38
Nb24Mo24Ta14W38,24,24,14,38,436.321,177.529,94.622,64.551,64.55,64.551,107.275,263.793,283.408,0.321,2.459,0.731
Nb44Mo5Ta27W24,44,5,27,24,330.234,151.011,55.319,65.539,65.539,65.535,67.177,210.752,182.175,0.356,3.137,0.617
Nb19Mo24Ta47W10,19,24,47,10,355.988,156.731,70.267,65.299,65.29,65.298,80.834,223.15,216.376,0.338,2.761,0.705
Nb25Mo21Ta40W14,25,21,40,14,357.41,156.99,68.717,65.278,65.285,65.285,79.956,223.796,214.342,0.34,2.799,0.686
Nb58Mo1Ta36W5,58,1,36,5,262.533,138.781,32.105,66.279,66.278,66.28,41.885,180.032,116.611,0.392,4.298,0.519
Nb23Mo27Ta8W42,23,27,8,42,455.009,183.702,101.968,64.369,64.368,64.366,114.328,274.138,301.123,0.317,2.398,0.752
Nb21Mo10Ta16W53,21,10,16,53,444.627,180.636,100.687,64.556,64.556,64.554,112.226,268.633,295.524,0.317,2.394,0.763
Nb25Mo50Ta3W22,25,50,3,22,447.745,181.59,96.484,64.236,64.235,64.235,109.765,270.308,290.036,0.321,2.463,0.725
Nb40Mo17Ta5W38,40,17,5,38,408.199,170.666,78.285,64.769,64.771,64.773,92.561,249.844,247.16,0.335,2.699,0.659
Nb9Mo55Ta2W34,9,55,2,34,485.638,191.431,118.913,63.792,63.79,63.791,129.487,289.5,338.059,0.305,2.236,0.808
Nb5Mo20Ta18W57,5,20,18,57,501.339,197.868,127.569,64.135,64.133,64.134,136.743,299.025,355.967,0.302,2.187,0.841
Nb53Mo26Ta16W5,53,26,16,5,327.335,145.312,44.879,65.41,65.407,65.407,59.813,205.986,163.603,0.368,3.444,0.493
Nb38Mo23Ta4W35,38,23,4,35,416.484,172.98,81.449,64.676,64.674,64.673,95.725,254.148,255.142,0.333,2.655,0.669
Nb20Mo7Ta25W48,20,7,25,48,422.311,174.657,93.818,64.766,64.767,64.764,104.855,257.209,276.934,0.321,2.453,0.758
Nb2Mo28Ta21W49,2,28,21,49,503.054,198.31,128.946,64.109,64.109,64.11,137.856,299.891,358.617,0.301,2.175,0.846
Nb58Mo25Ta8W9,58,25,8,9,332.805,146.848,43.641,65.318,65.312,65.312,59.388,208.834,162.738,0.37,3.516,0.469
Nb15Mo3Ta13W69,15,3,13,69,476.189,190.188,115.457,64.329,64.329,64.329,125.784,285.522,329.035,0.308,2.27,0.807
Nb25Mo9Ta53W13,25,9,53,13,317.772,152.326,61.471,65.728,65.721,65.733,69.241,207.475,186.929,0.35,2.996,0.743
Nb14Mo11Ta23W52,14,11,23,52,449.786,181.824,104.87,64.53,64.529,64.531,115.683,271.145,303.839,0.313,2.344,0.783
Nb60Mo20Ta1W19,60,20,1,19,347.274,151.905,47.114,65.184,65.182,65.184,63.38,217.028,173.274,0.367,3.424,0.482
Nb32Mo23Ta9W36,32,23,9,36,422.585,174.093,86.425,64.647,64.641,64.643,99.98,256.924,265.502,0.328,2.57,0.696
Nb62Mo11Ta2W25,62,11,2,25,337.049,149.225,44.395,65.297,65.301,65.304,60.232,211.833,165.052,0.37,3.517,0.473
Nb25Mo40Ta19W16,25,40,19,16,416.297,170.975,85.486,64.663,64.666,64.666,98.818,252.749,262.273,0.327,2.558,0.697
Nb2Mo16Ta63W19,2,16,63,19,362.062,160.763,81.59,65.272,65.268,65.273,88.745,227.863,235.644,0.328,2.568,0.811
Nb12Mo45Ta21W22,12,45,21,22,454.752,182.274,104.704,64.35,64.345,64.348,116.353,273.1,305.651,0.313,2.347,0.769
Nb33Mo16Ta8W43,33,16,8,43,424.02,175.051,87.274,64.664,64.665,64.663,100.642,258.04,267.189,0.327,2.564,0.701
Nb20Mo50Ta8W22,20,50,8,22,452.519,182.368,100.522,64.229,64.229,64.229,113.162,272.418,298.196,0.318,2.407,0.744
Nb13Mo33Ta14W40,13,33,14,40,474.289,189.073,112.998,64.229,64.229,64.229,124.037,284.145,324.844,0.309,2.291,0.792
Nb13Mo7Ta20W60,13,7,20,60,462.941,185.86,110.587,64.436,64.434,64.436,121.032,278.22,317.113,0.31,2.299,0.798
Nb28Mo6Ta1W65,28,6,1,65,463.496,187.721,105.598,64.385,64.389,64.385,117.513,279.646,309.224,0.316,2.38,0.766
Nb1Mo11Ta9W79,1,11,9,79,542.159,211.623,146.813,63.833,63.834,63.835,153.936,321.802,398.299,0.294,2.09,0.888
Nb7Mo51Ta25W17,7,51,25,17,460.811,183.855,108.728,64.299,64.299,64.3,119.789,276.174,313.972,0.311,2.306,0.785
Nb30Mo20Ta42W8,30,20,42,8,332.194,150.379,59.606,65.527,65.521,65.52,70.627,210.984,190.611,0.349,2.987,0.656
Nb71Mo14Ta6W9,71,14,6,9,289.448,134.261,25.212,65.672,65.671,65.675,40.352,185.99,112.891,0.399,4.609,0.325
Nb57Mo7Ta28W8,57,7,28,8,282.619,138.44,35.136,65.966,65.968,65.977,47.058,186.5,130.222,0.384,3.963,0.487
Nb3Mo38Ta24W35,3,38,24,35,486.301,192.458,121.094,64.187,64.19,64.191,130.839,290.406,341.265,0.304,2.22,0.824
Nb26Mo43Ta28W3,26,43,28,3,387.128,161.893,74.533,64.929,64.927,64.927,87.979,236.971,234.872,0.335,2.693,0.662
Nb42Mo3Ta10W45,42,3,10,45,390.255,166.795,73.862,65,64.999,65,87.228,241.282,233.54,0.339,2.766,0.661
Nb2Mo12Ta65W21,2,12,65,21,356.19,161.033,81.231,65.337,65.341,65.339,87.418,226.085,232.312,0.329,2.586,0.832
Nb29Mo20Ta29W22,29,20,29,22,375.302,160.273,72.613,65.108,65.111,65.103,85.011,231.949,227.268,0.337,2.728,0.675
Nb32Mo28Ta6W34,32,28,6,34,429.907,176.42,88.484,64.553,64.55,64.553,102.212,260.916,271.219,0.327,2.553,0.698
Nb8Mo34Ta29W29,8,34,29,29,451.8,181.459,105.765,64.462,64.467,64.461,116.686,271.573,306.203,0.312,2.327,0.782
Nb35Mo34Ta15W16,35,34,15,16,395.089,165.523,74.061,64.831,64.839,64.843,88.33,242.045,236.251,0.337,2.74,0.645
Nb31Mo9Ta35W25,31,9,35,25,352.048,156.97,67.276,65.368,65.373,65.368,78.095,221.996,209.695,0.343,2.843,0.69
Nb22Mo25Ta26W27,22,25,26,27,408.468,168.814,85.429,64.807,64.806,64.806,97.85,248.699,259.514,0.326,2.542,0.713
Nb26Mo9Ta34W31,26,9,34,31,372.431,161.832,75.382,65.185,65.192,65.188,86.198,232.031,230.101,0.335,2.692,0.716
Nb27Mo29Ta18W26,27,29,18,26,413.214,170.32,84.624,64.73,64.723,64.722,97.829,251.285,259.775,0.328,2.569,0.697
Nb33Mo35Ta13W19,33,35,13,19,405.742,168.373,78.635,64.737,64.737,64.739,92.78,247.496,247.423,0.333,2.668,0.663
Nb31Mo28Ta10W31,31,28,10,31,422.184,173.64,86.087,64.628,64.628,64.626,99.756,256.488,264.922,0.328,2.571,0.693
Nb16Mo31Ta27W26,16,31,27,26,426.578,173.828,93.608,64.649,64.642,64.649,105.577,258.078,278.724,0.32,2.444,0.741
Nb34Mo28Ta18W20,34,28,18,20,389.085,163.353,73.318,64.922,64.92,64.921,87.203,238.597,233.199,0.337,2.736,0.65
Nb30Mo16Ta20W34,30,16,20,34,399.445,167.354,80.432,64.897,64.899,64.896,93.183,244.717,248.063,0.331,2.626,0.693
Nb31Mo27Ta32W10,31,27,32,10,358.633,155.036,65.372,65.229,65.234,65.237,78.117,222.902,209.838,0.343,2.853,0.642
Nb21Mo25Ta33W21,21,25,33,21,391.177,164.025,80.16,64.971,64.971,64.969,92.189,239.742,245.144,0.33,2.601,0.706
Nb34Mo8Ta33W25,34,8,33,25,347.663,155.839,64.729,65.398,65.404,65.409,75.804,219.781,203.963,0.345,2.899,0.675
Nb58Mo1Ta15W26,58,1,15,26,314.041,145.129,43.093,65.605,65.61,65.611,56.615,201.433,155.295,0.372,3.558,0.51
Nb7Mo20Ta56W17,7,20,56,17,367.676,160.405,79.988,65.22,65.213,65.214,88.734,229.495,235.811,0.329,2.586,0.772
Nb2Mo3Ta38W57,2,3,38,57,449.732,183.038,110.752,64.586,64.586,64.583,119.297,271.936,312.234,0.309,2.279,0.831
Nb51Mo9Ta5W35,51,9,5,35,370.829,160.101,61.616,65.09,65.091,65.091,76.502,230.343,206.63,0.35,3.011,0.585
Nb4Mo44Ta4W48,4,44,4,48,510.997,199.77,132.558,63.739,63.74,63.739,141.345,303.512,367.055,0.298,2.147,0.852
Nb13Mo25Ta9W53,13,25,9,53,489.927,194.568,120.176,64.129,64.13,64.13,130.513,293.021,340.923,0.306,2.245,0.814
Nb18Mo54Ta13W15,18,54,13,15,447.054,180.155,98.878,64.289,64.288,64.289,111.508,269.121,293.928,0.318,2.413,0.741
Nb11Mo13Ta52W24,11,13,52,24,367.607,161.737,80.027,65.241,65.233,65.242,88.519,230.36,235.404,0.33,2.602,0.777
Nb26Mo19Ta43W12,26,19,43,12,343.051,153.426,64.735,65.429,65.43,65.43,75.455,216.634,202.817,0.344,2.871,0.683
Nb20Mo41Ta11W28,20,41,11,28,452.317,182.278,101.006,64.326,64.322,64.328,113.468,272.291,298.887,0.317,2.4,0.748
Nb15Mo13Ta27W45,15,13,27,45,432.959,176.8,98.43,64.659,64.661,64.661,109.382,262.187,288.085,0.317,2.397,0.769
Nb20Mo11Ta47W22,20,11,47,22,352.585,158.292,72.288,65.382,65.37,65.387,81.381,223.056,217.671,0.337,2.741,0.744
Nb18Mo7Ta17W58,18,7,17,58,453.08,183.218,105.222,64.502,64.505,64.5,116.245,273.172,305.413,0.314,2.35,0.78
Nb51Mo31Ta7W11,51,31,7,11,361.764,155.796,55.564,65.07,65.066,65.077,71.32,224.452,193.468,0.356,3.147,0.54
Nb15Mo31Ta1W53,15,31,1,53,496.025,197.012,122.361,63.984,63.984,63.984,132.581,296.683,346.178,0.306,2.238,0.818
Nb29Mo22Ta47W2,29,22,47,2,320.445,147.841,56.356,65.646,65.638,65.639,66.887,205.375,181.01,0.353,3.07,0.653
Nb23Mo19Ta10W48,23,19,10,48,452.604,182.97,101.636,64.435,64.438,64.432,113.821,272.848,299.779,0.317,2.397,0.754
Nb9Mo45Ta33W13,9,45,33,13,435.006,175.913,98.263,64.572,64.571,64.57,109.773,262.278,289,0.316,2.389,0.759
Nb27Mo21Ta14W38,27,21,14,38,426.422,174.781,90.071,64.643,64.64,64.639,102.995,258.661,272.78,0.324,2.511,0.716
Nb32Mo13Ta45W10,32,13,45,10,317.752,149.265,56.619,65.696,65.695,65.696,66.418,205.427,179.869,0.354,3.093,0.672
Nb23Mo30Ta39W8,23,30,39,8,365.042,156.585,70.366,65.191,65.188,65.193,82.393,226.071,220.404,0.338,2.744,0.675
Nb31Mo4Ta25W40,31,4,25,40,383.75,165.329,77.511,65.097,65.092,65.097,88.942,238.136,237.284,0.334,2.677,0.71
Nb12Mo13Ta14W61,12,13,14,61,484.241,192.519,118.707,64.247,64.246,64.246,128.913,289.76,336.793,0.306,2.248,0.814
Nb18Mo7Ta22W53,18,7,22,53,438.625,179.061,99.973,64.633,64.626,64.627,110.992,265.582,292.262,0.317,2.393,0.77
Nb13Mo21Ta21W45,13,21,21,45,457.9,183.759,107.183,64.429,64.431,64.428,118.281,275.139,310.369,0.312,2.326,0.782
Nb10Mo11Ta59W20,10,11,59,20,348.7,159.268,76.025,65.422,65.417,65.423,83.021,222.412,221.503,0.334,2.679,0.803
Nb12Mo50Ta3W35,12,50,3,35,483.361,191.594,116.886,63.905,63.904,63.905,127.734,288.85,333.972,0.307,2.261,0.801
Nb4Mo45Ta40W11,4,45,40,11,434.084,175.678,99.893,64.614,64.611,64.612,110.739,261.814,291.166,0.315,2.364,0.773
Nb10Mo51Ta18W21,10,51,18,21,464.9,185.324,109.297,64.209,64.205,64.209,120.619,278.516,316.21,0.311,2.309,0.782
Nb22Mo27Ta7W44,22,27,7,44,461.316,185.8,104.867,64.316,64.315,64.317,116.981,277.639,307.725,0.315,2.373,0.761
Nb3Mo19Ta77W1,3,19,77,1,314.001,153.333,67.164,65.711,65.709,65.714,72.155,206.889,193.921,0.344,2.867,0.836
Nb44Mo8Ta46W2,44,8,46,2,277.394,142.301,41.501,66.125,66.124,66.129,50.494,187.332,138.994,0.376,3.71,0.614
Nb8Mo20Ta34W38,8,20,34,38,437.416,177.594,101.77,64.626,64.623,64.623,112.225,264.202,294.919,0.314,2.354,0.783
Nb56Mo24Ta12W8,56,24,12,8,328.464,145.78,43.817,65.381,65.38,65.38,59.08,206.675,161.82,0.37,3.498,0.48
Nb8Mo18Ta34W40,8,18,34,40,437.92,177.782,102.075,64.625,64.625,64.625,112.481,264.495,295.548,0.314,2.351,0.785
Nb37Mo56Ta3W4,37,56,3,4,413.052,171.822,77.538,64.517,64.516,64.516,92.615,252.232,247.547,0.336,2.723,0.643
Nb41Mo16Ta19W24,41,16,19,24,363.373,157.238,63.827,65.182,65.183,65.185,77.409,225.95,208.424,0.346,2.919,0.619
Nb76Mo6Ta13W5,76,6,13,5,256.446,127.926,16.746,66.098,66.098,66.099,29.766,170.766,84.393,0.418,5.737,0.261
Nb60Mo27Ta3W10,60,27,3,10,340.808,149.427,44.344,65.216,65.21,65.214,60.673,213.22,166.25,0.37,3.514,0.463
Nb2Mo20Ta14W64,2,20,14,64,523.971,205.406,138.414,63.959,63.96,63.96,146.415,311.594,379.763,0.297,2.128,0.869
Nb11Mo39Ta4W46,11,39,4,46,496.566,196.385,123.513,63.929,63.931,63.93,133.536,296.445,348.309,0.304,2.22,0.823
Nb8Mo2Ta43W47,8,2,43,47,410.749,173.862,96.715,64.909,64.909,64.909,104.89,252.824,276.441,0.318,2.41,0.817
Nb5Mo35Ta50W10,5,35,50,10,395.84,164.938,86.972,64.945,64.942,64.941,97.428,241.905,257.69,0.322,2.483,0.753
Nb52Mo35Ta8W5,52,35,8,5,355.041,153.5,52.428,65.108,65.112,65.113,68.321,220.68,185.791,0.36,3.23,0.52
Nb4Mo59Ta22W15,4,59,22,15,472.11,186.968,114.08,64.129,64.126,64.127,124.734,282.015,326.122,0.307,2.261,0.8
Nb1Mo20Ta26W53,1,20,26,53,495.253,195.784,126.164,64.214,64.216,64.214,135.117,295.607,351.756,0.302,2.188,0.843
Nb22Mo62Ta7W9,22,62,7,9,440.577,178.499,94.106,64.223,64.219,64.222,107.471,265.858,284.128,0.322,2.474,0.718
Nb22Mo13Ta17W48,22,13,17,48,437.303,178.22,97.178,64.603,64.599,64.601,109.046,264.581,287.623,0.319,2.426,0.75
Nb19Mo40Ta30W11,19,40,30,11,406.53,167.582,84.497,64.791,64.79,64.791,97.096,247.231,257.57,0.326,2.546,0.707
Nb6Mo44Ta5W45,6,44,5,45,504.754,198.136,128.862,63.813,63.814,63.812,138.141,300.342,359.333,0.301,2.174,0.841
Nb26Mo49Ta4W21,26,49,4,21,444.237,180.525,94.765,64.284,64.287,64.288,108.191,268.429,286.13,0.322,2.481,0.719
Nb49Mo32Ta11W8,49,32,11,8,356.811,154.011,55.031,65.129,65.126,65.128,70.464,221.611,191.135,0.356,3.145,0.543
Nb27Mo17Ta3W53,27,17,3,53,458.119,185.591,102.589,64.378,64.38,64.377,114.951,276.434,302.871,0.317,2.405,0.753
Nb35Mo3Ta59W3,35,3,59,3,270.737,147.234,46.969,66.254,66.253,66.25,52.413,188.402,143.894,0.373,3.595,0.761
Nb8Mo3Ta32W57,8,3,32,57,445.618,181.616,107.094,64.606,64.608,64.608,116.447,269.617,305.377,0.311,2.315,0.811
Nb20Mo3Ta57W20,20,3,57,20,323.07,156.654,67.497,65.701,65.699,65.695,73.396,212.126,197.419,0.345,2.89,0.811
Nb23Mo9Ta7W61,23,9,7,61,463.533,186.816,107.09,64.388,64.389,64.388,118.665,279.055,311.798,0.314,2.352,0.774
Nb5Mo3Ta18W74,5,3,18,74,500.228,197.212,127.641,64.166,64.166,64.165,136.706,298.218,355.757,0.301,2.181,0.842
Nb38Mo12Ta19W31,38,12,19,31,374.887,160.987,69.478,65.102,65.107,65.112,82.634,232.287,221.623,0.341,2.811,0.65
Nb3Mo6Ta86W5,3,6,86,5,286.953,156.672,67.075,66.037,66.04,66.036,66.294,200.099,179.103,0.351,3.018,1.03
Nb42Mo38Ta5W15,42,38,5,15,397.603,166.868,71.256,64.755,64.755,64.758,86.511,243.78,232.08,0.341,2.818,0.618
Nb63Mo8Ta5W24,63,8,5,24,323.943,145.488,40.572,65.429,65.428,65.426,55.962,204.973,153.882,0.375,3.663,0.455
Nb7Mo66Ta23W4,7,66,23,4,454.383,181.317,105.381,64.219,64.218,64.218,116.903,272.339,306.81,0.312,2.33,0.772
Nb3Mo67Ta24W6,3,67,24,6,464.037,183.955,110.808,64.133,64.136,64.135,121.702,277.315,318.513,0.309,2.279,0.791
Nb51Mo29Ta16W4,51,29,16,4,334.979,147.505,47.891,65.338,65.34,65.342,62.884,209.996,171.531,0.364,3.339,0.511
Nb42Mo2Ta38W18,42,2,38,18,305.976,148.33,51.365,65.817,65.819,65.821,61.015,200.879,166.215,0.362,3.292,0.652
Nb5Mo25Ta53W17,5,25,53,17,385.044,163.346,84.843,65.057,65.051,65.046,94.437,237.245,250.124,0.324,2.512,0.765
Nb75Mo6Ta2W17,75,6,2,17,284.891,133.204,22.69,65.702,65.698,65.699,37.74,183.767,105.965,0.404,4.869,0.299
Nb32Mo47Ta15W6,32,47,15,6,402.195,167.162,76.851,64.728,64.731,64.729,91.157,245.506,243.353,0.335,2.693,0.654
Nb21Mo17Ta53W9,21,17,53,9,329.985,152.487,64.09,65.586,65.579,65.576,73.029,211.653,196.488,0.345,2.898,0.722
Nb19Mo11Ta3W67,19,11,3,67,487.61,194.432,118.24,64.184,64.181,64.181,128.866,292.158,337.044,0.308,2.267,0.807
Nb22Mo32Ta7W39,22,32,7,39,458.553,184.817,103.35,64.305,64.306,64.303,115.665,276.062,304.473,0.316,2.387,0.755
Nb14Mo24Ta7W55,14,24,7,55,491.333,195.174,120.577,64.112,64.112,64.113,130.916,293.893,341.971,0.306,2.245,0.814
Nb15Mo58Ta6W21,15,58,6,21,463.37,185.067,106.482,64.03,64.03,64.03,118.534,277.835,311.328,0.313,2.344,0.765
Nb9Mo52Ta15W24,9,52,15,24,473.195,187.907,113.073,64.106,64.105,64.106,124.099,283.003,324.819,0.309,2.28,0.793
Nb13Mo19Ta4W64,13,19,4,64,504.623,199.732,127.021,64.026,64.027,64.027,136.646,301.363,356.113,0.303,2.205,0.833
Nb38Mo40Ta6W16,38,40,6,16,407.418,169.631,76.494,64.67,64.671,64.677,91.338,248.893,244.147,0.337,2.725,0.643
Nb5Mo19Ta1W75,5,19,1,75,538.098,210.457,145.025,63.752,63.753,63.752,152.272,319.671,394.221,0.294,2.099,0.885
Nb21Mo28Ta10W41,21,28,10,41,456.578,183.965,103.208,64.361,64.36,64.359,115.379,274.836,303.646,0.316,2.382,0.757
Nb34Mo54Ta1W11,34,54,1,11,425.31,175.528,83.469,64.4,64.4,64.397,98.137,258.789,261.372,0.332,2.637,0.668
Nb38Mo7Ta26W29,38,7,26,29,356.598,158.319,65,65.295,65.3,65.299,77.02,224.412,207.34,0.346,2.914,0.656
Nb38Mo11Ta37W14,38,11,37,14,321.573,149.375,54.955,65.642,65.637,65.636,65.832,206.775,178.547,0.356,3.141,0.638
Nb46Mo4Ta28W22,46,4,28,22,320.389,148.914,51.865,65.63,65.632,65.632,63.506,206.073,172.771,0.36,3.245,0.605
Nb11Mo34Ta45W10,11,34,45,10,389.261,163.01,82.457,64.985,64.988,64.986,93.605,238.427,248.319,0.326,2.547,0.729
Nb8Mo23Ta5W64,8,23,5,64,518.105,203.819,134.548,63.911,63.91,63.91,143.172,308.581,371.986,0.299,2.155,0.856
Nb56Mo7Ta3W34,56,7,3,34,358.187,156.431,55.106,65.18,65.176,65.18,70.37,223.683,191.074,0.358,3.179,0.546
Nb9Mo54Ta6W31,9,54,6,31,483.627,191.009,117.811,63.887,63.887,63.888,128.488,288.548,335.643,0.306,2.246,0.805
Nb13Mo49Ta4W34,13,49,4,34,480.853,191.001,115.376,63.954,63.956,63.957,126.409,287.618,330.768,0.308,2.275,0.796
Nb15Mo36Ta13W36,15,36,13,36,466.874,186.722,109.087,64.253,64.254,64.255,120.58,280.106,316.346,0.312,2.323,0.779
Nb10Mo7Ta77W6,10,7,77,6,292.877,154.54,64.088,65.987,65.987,65.991,66.074,200.652,178.616,0.352,3.037,0.927
Nb47Mo3Ta42W8,47,3,42,8,279.239,143.237,41.846,66.11,66.102,66.105,50.881,188.571,140.048,0.376,3.706,0.615
Nb11Mo3Ta5W81,11,3,5,81,512.204,201.682,131.345,64.03,64.028,64.031,140.441,305.189,365.289,0.301,2.173,0.846
Nb26Mo54Ta15W5,26,54,15,5,419.117,172.022,85.021,64.551,64.549,64.548,98.784,254.387,262.389,0.328,2.575,0.688
Nb23Mo15Ta24W38,23,15,24,38,412.291,170.912,87.828,64.802,64.812,64.807,99.768,251.371,264.333,0.325,2.52,0.728
Nb2Mo39Ta49W10,2,39,49,10,412.362,169.304,93.232,64.81,64.812,64.811,103.679,250.324,273.305,0.318,2.414,0.767
Nb28Mo31Ta26W15,28,31,26,15,386.66,162.377,74.954,64.966,64.961,64.965,88.123,237.138,235.23,0.335,2.691,0.668
Nb32Mo14Ta23W31,32,14,23,31,383.848,163.321,74.87,65.045,65.042,65.039,87.463,236.83,233.63,0.336,2.708,0.679
Nb15Mo32Ta27W26,15,32,27,26,430.215,174.829,95.168,64.618,64.612,64.618,107.071,259.958,282.437,0.319,2.428,0.745
Nb25Mo31Ta27W17,25,31,27,17,394.159,164.47,78.7,64.906,64.9,64.909,91.596,241.033,243.894,0.331,2.631,0.685
Nb20Mo20Ta28W32,20,20,28,32,410.342,169.904,87.688,64.814,64.818,64.814,99.516,250.05,263.581,0.324,2.513,0.729
